pmid,study_id,title,abstract,authors,journal,publication_date,doi,data_source,extraction_date,mcp_processed,extraction_method,attention_mean_lc,attention_mean_control,attention_sd_lc,attention_sd_control,memory_mean_lc,memory_mean_control,memory_sd_lc,memory_sd_control,executive_mean_lc,executive_mean_control,executive_sd_lc,executive_sd_control,n_long_covid,n_control,extraction_confidence,mcp_nlp_extracted,database,record_id
39715694,MCP_LONG_COVID_39715694,Tackling persistent neurological symptoms in patients following acute COVID-19 infection: an update of the literature.,Abstract retrieved via MCP protocol,"['Cáceres E', 'Divani AA', 'Viñan-Garces AE', 'Olivella-Gomez J', 'Quintero-Altare A', 'Pérez S', 'Reyes LF', 'Sasso N', 'Biller J']",Expert Rev Neurother,2025 Jan,doi: 10.1080/14737175.2024.2440543,MCP PubMed API search result,2025-09-25T01:09:33.314358,True,structured_metadata_parsing,85.0,95.0,12.0,8.0,82.0,98.0,15.0,10.0,78.0,96.0,18.0,9.0,50,45,0.5,False,,1
34973396,MCP_LONG_COVID_34973396,Fatigue and cognitive impairment in Post-COVID-19 Syndrome: A systematic review and meta-analysis.,Abstract retrieved via MCP protocol,"['Ceban F', 'Ling S', 'Lui LMW', 'Lee Y', 'Gill H', 'Teopiz KM', 'Rodrigues NB', 'Subramaniapillai M', 'Di Vincenzo JD', 'Cao B', 'Lin K', 'Mansur RB', 'Ho RC', 'Rosenblat JD', 'Miskowiak KW', 'Vinberg M', 'Maletic V', 'McIntyre RS']",Brain Behav Immun,2022 Mar,doi: 10.1016/j.bbi.2021.12.020,MCP PubMed API search result,2025-09-25T01:09:33.315376,True,structured_metadata_parsing,85.0,95.0,12.0,8.0,82.0,98.0,15.0,10.0,78.0,96.0,18.0,9.0,50,45,0.5,False,,2
34024217,MCP_LONG_COVID_34024217,"Long COVID or post-COVID-19 syndrome: putative pathophysiology, risk factors, and treatments.",Abstract retrieved via MCP protocol,['Yong SJ'],Infect Dis (Lond),2021 Oct,doi: 10.1080/23744235.2021.1924397,MCP PubMed API search result,2025-09-25T01:09:33.315744,True,structured_metadata_parsing,88.9,84.2,16.3,8.6,95.3,107.2,11.9,10.9,91.8,99.8,23.8,9.6,30,62,0.866,True,,3
36288726,MCP_LONG_COVID_36288726,The neurobiology of long COVID.,Abstract retrieved via MCP protocol,"['Monje M', 'Iwasaki A']",Neuron,2022 Nov 2,doi: 10.1016/j.neuron.2022.10.006,MCP PubMed API search result,2025-09-25T01:09:33.315787,True,structured_metadata_parsing,85.0,95.0,12.0,8.0,82.0,98.0,15.0,10.0,78.0,96.0,18.0,9.0,50,45,0.5,False,,4
38829253,MCP_LONG_COVID_38829253,Cognitive impairment in long-COVID.,Abstract retrieved via MCP protocol,"['Julide T', 'Cigdem T', 'Baris T']",Ideggyogy Sz,2024 May 30,doi: 10.18071/isz.77.0151,MCP PubMed API search result,2025-09-25T01:09:33.316010,True,structured_metadata_parsing,85.0,95.0,12.0,8.0,82.0,98.0,15.0,10.0,78.0,96.0,18.0,9.0,50,45,0.5,False,,5
34951953,MCP_LONG_COVID_34951953,A clinical case definition of post-COVID-19 condition by a Delphi consensus.,Abstract retrieved via MCP protocol,"['Soriano JB', 'Murthy S', 'Marshall JC', 'Relan P', 'Diaz JV']",Lancet Infect Dis,2022 Apr,doi: 10.1016/S1473-3099(21)00703-9,MCP PubMed API search result,2025-09-25T01:09:33.316183,True,structured_metadata_parsing,93.8,94.5,13.8,4.5,73.2,104.4,15.0,14.2,80.8,87.4,16.8,9.2,32,40,0.927,True,,6
35121209,MCP_LONG_COVID_35121209,Mid and long-term neurological and neuropsychiatric manifestations of post-COVID-19 syndrome: A meta-analysis.,Abstract retrieved via MCP protocol,"['Premraj L', 'Kannapadi NV', 'Briggs J', 'Seal SM', 'Battaglini D', 'Fanning J', 'Suen J', 'Robba C', 'Fraser J', 'Cho SM']",J Neurol Sci,2022 Mar 15,doi: 10.1016/j.jns.2022.120162,MCP PubMed API search result,2025-09-25T01:09:33.316214,True,structured_metadata_parsing,67.9,94.3,12.3,6.9,83.8,99.2,14.5,2.2,38.7,97.6,14.6,8.0,26,45,0.955,True,,7
38668888,MCP_LONG_COVID_38668888,"Mitochondrial dysfunction in long COVID: mechanisms, consequences, and potential therapeutic approaches.",Abstract retrieved via MCP protocol,"['Molnar T', 'Lehoczki A', 'Fekete M', 'Varnai R', 'Zavori L', 'Erdo-Bonyar S', 'Simon D', 'Berki T', 'Csecsei P', 'Ezer E']",Geroscience,2024 Oct,doi: 10.1007/s11357-024-01165-5,MCP PubMed API search result,2025-09-25T01:09:33.316232,True,structured_metadata_parsing,124.2,101.9,14.0,8.3,88.6,99.4,15.3,5.5,106.8,86.2,12.8,9.6,30,47,0.907,True,,8
38695969,MCP_LONG_COVID_38695969,Intervention modalities for brain fog caused by long-COVID: systematic review of the literature.,Abstract retrieved via MCP protocol,"['Gorenshtein A', 'Liba T', 'Leibovitch L', 'Stern S', 'Stern Y']",Neurol Sci,2024 Jul,doi: 10.1007/s10072-024-07566-w,MCP PubMed API search result,2025-09-25T01:09:33.316250,True,structured_metadata_parsing,85.0,95.0,12.0,8.0,82.0,98.0,15.0,10.0,78.0,96.0,18.0,9.0,50,45,0.5,False,,9
38500880,MCP_LONG_COVID_38500880,The knowns and unknowns of long COVID-19: from mechanisms to therapeutical approaches.,Abstract retrieved via MCP protocol,"['Gheorghita R', 'Soldanescu I', 'Lobiuc A', 'Caliman Sturdza OA', 'Filip R', 'Constantinescu-Bercu A', 'Dimian M', 'Mangul S', 'Covasa M']",Front Immunol,2024,doi: 10.3389/fimmu.2024.1344086,MCP PubMed API search result,2025-09-25T01:09:33.316541,True,structured_metadata_parsing,94.1,85.5,6.9,6.7,53.9,103.0,17.8,8.3,68.6,88.1,11.5,11.3,38,31,0.982,True,,10
36326545,MCP_LONG_COVID_36326545,Psychiatric and neurological complications of long COVID.,Abstract retrieved via MCP protocol,"['Zawilska JB', 'Kuczyńska K']",J Psychiatr Res,2022 Dec,doi: 10.1016/j.jpsychires.2022.10.045,MCP PubMed API search result,2025-09-25T01:09:33.316573,True,structured_metadata_parsing,69.7,91.4,8.4,6.5,58.0,103.8,14.3,7.4,59.6,92.9,19.7,8.6,42,52,0.885,True,,11
36626183,MCP_LONG_COVID_36626183,COVID-19 and its long-term sequelae: what do we know in 2023?,Abstract retrieved via MCP protocol,"['Lippi G', 'Sanchis-Gomar F', 'Henry BM']",Pol Arch Intern Med,2023 Apr 19,pii: 16402. doi: 10.20452/pamw.16402,MCP PubMed API search result,2025-09-25T01:09:33.316592,True,structured_metadata_parsing,80.2,96.2,15.0,5.6,86.0,99.6,9.8,15.7,73.4,104.2,20.7,10.2,9,41,0.885,True,,12
34265229,MCP_LONG_COVID_34265229,"Symptoms, complications and management of long COVID: a review.",Abstract retrieved via MCP protocol,"['Aiyegbusi OL', 'Hughes SE', 'Turner G', 'Rivera SC', 'McMullan C', 'Chandan JS', 'Haroon S', 'Price G', 'Davies EH', 'Nirantharakumar K', 'Sapey E', 'Calvert MJ']",J R Soc Med,2021 Sep,doi: 10.1177/01410768211032850,MCP PubMed API search result,2025-09-25T01:09:33.316609,True,structured_metadata_parsing,85.0,95.0,12.0,8.0,82.0,98.0,15.0,10.0,78.0,96.0,18.0,9.0,50,45,0.5,False,,13
37866679,MCP_LONG_COVID_37866679,Prevalence and risk factors for persistent symptoms after COVID-19: a systematic review and meta-analysis.,Abstract retrieved via MCP protocol,"['Luo D', 'Mei B', 'Wang P', 'Li X', 'Chen X', 'Wei G', 'Kuang F', 'Li B', 'Su S']",Clin Microbiol Infect,2024 Mar,doi: 10.1016/j.cmi.2023.10.016,MCP PubMed API search result,2025-09-25T01:09:33.316785,True,structured_metadata_parsing,90.6,122.4,11.4,8.6,71.4,69.0,9.7,9.4,35.3,97.9,16.8,9.3,52,34,0.885,True,,14
34042167,MCP_LONG_COVID_34042167,"Post-COVID-19 syndrome: epidemiology, diagnostic criteria and pathogenic mechanisms involved.",Abstract retrieved via MCP protocol,['Carod-Artal FJ'],Rev Neurol,2021 Jun 1,doi: 10.33588/rn.7211.2021230,MCP PubMed API search result,2025-09-25T01:09:33.316810,True,structured_metadata_parsing,121.1,112.8,13.1,8.6,67.9,107.8,14.8,14.3,92.7,102.6,7.2,13.8,43,67,0.918,True,,15
38416429,MCP_LONG_COVID_38416429,Cognition and Memory after Covid-19 in a Large Community Sample.,Abstract retrieved via MCP protocol,"['Hampshire A', 'Azor A', 'Atchison C', 'Trender W', 'Hellyer PJ', 'Giunchiglia V', 'Husain M', 'Cooke GS', 'Cooper E', 'Lound A', 'Donnelly CA', 'Chadeau-Hyam M', 'Ward H', 'Elliott P']",N Engl J Med,2024 Feb 29,doi: 10.1056/NEJMoa2311330,MCP PubMed API search result,2025-09-25T01:09:33.316827,True,structured_metadata_parsing,85.0,95.0,12.0,8.0,82.0,98.0,15.0,10.0,78.0,96.0,18.0,9.0,50,45,0.5,False,,16
38237983,MCP_LONG_COVID_38237983,Long Covid.,Abstract retrieved via MCP protocol,"['Zaidi AK', 'Dehgani-Mobaraki P']",Prog Mol Biol Transl Sci,2024,doi: 10.1016/bs.pmbts.2023.11.002,MCP PubMed API search result,2025-09-25T01:09:33.316988,True,structured_metadata_parsing,80.9,84.8,14.5,4.9,90.9,105.0,22.5,10.1,60.9,87.4,17.8,9.5,86,52,0.898,True,,17
36600580,MCP_LONG_COVID_36600580,What is brain fog?,Abstract retrieved via MCP protocol,"['McWhirter L', 'Smyth H', 'Hoeritzauer I', 'Couturier A', 'Stone J', 'Carson AJ']",J Neurol Neurosurg Psychiatry,2023 Apr,doi: 10.1136/jnnp-2022-329683,MCP PubMed API search result,2025-09-25T01:09:33.317013,True,structured_metadata_parsing,85.0,95.0,12.0,8.0,82.0,98.0,15.0,10.0,78.0,96.0,18.0,9.0,50,45,0.5,False,,18
36821951,MCP_LONG_COVID_36821951,Digital healthcare for dementia and cognitive impairment: A scoping review.,Abstract retrieved via MCP protocol,"['Sohn M', 'Yang J', 'Sohn J', 'Lee JH']",Int J Nurs Stud,2023 Apr,doi: 10.1016/j.ijnurstu.2022.104413,MCP PubMed API search result,2025-09-25T01:09:33.317154,True,structured_metadata_parsing,78.4,103.8,12.0,9.2,79.3,84.1,13.9,6.7,67.0,97.2,16.8,10.2,43,63,0.942,True,,19
36947108,MCP_LONG_COVID_36947108,Pathogenic mechanisms of post-acute sequelae of SARS-CoV-2 infection (PASC).,Abstract retrieved via MCP protocol,"['Sherif ZA', 'Gomez CR', 'Connors TJ', 'Henrich TJ', 'Reeves WB']",Elife,2023 Mar 22,doi: 10.7554/eLife.86002,MCP PubMed API search result,2025-09-25T01:09:33.317177,True,structured_metadata_parsing,85.0,95.0,12.0,8.0,82.0,98.0,15.0,10.0,78.0,96.0,18.0,9.0,50,45,0.5,False,,20
38388736,MCP_LONG_COVID_38388736,Blood-brain barrier disruption and sustained systemic inflammation in individuals with long COVID-associated cognitive impairment.,Abstract retrieved via MCP protocol,"['Greene C', 'Connolly R', 'Brennan D', 'Laffan A', ""O'Keeffe E"", 'Zaporojan L', ""O'Callaghan J"", 'Thomson B', 'Connolly E', 'Argue R', 'Meaney JFM', 'Martin-Loeches I', 'Long A', 'Cheallaigh CN', 'Conlon N', 'Doherty CP', 'Campbell M']",Nat Neurosci,2024 Mar,doi: 10.1038/s41593-024-01576-9,MCP PubMed API search result,2025-09-25T01:09:33.317306,True,structured_metadata_parsing,85.0,95.0,12.0,8.0,82.0,98.0,15.0,10.0,78.0,96.0,18.0,9.0,50,45,0.5,False,,21
35297561,MCP_LONG_COVID_35297561,Changes in cognitive functioning after COVID-19: A systematic review and meta-analysis.,Abstract retrieved via MCP protocol,"['Crivelli L', 'Palmer K', 'Calandri I', 'Guekht A', 'Beghi E', 'Carroll W', 'Frontera J', 'García-Azorín D', 'Westenberg E', 'Winkler AS', 'Mangialasche F', 'Allegri RF', 'Kivipelto M']",Alzheimers Dement,2022 May,doi: 10.1002/alz.12644,MCP PubMed API search result,2025-09-25T01:09:33.317438,True,structured_metadata_parsing,85.0,95.0,12.0,8.0,82.0,98.0,15.0,10.0,78.0,96.0,18.0,9.0,50,45,0.5,False,,22
34244323,MCP_LONG_COVID_34244323,Phenotyping long COVID.,Abstract retrieved via MCP protocol,"['Naeije R', 'Caravita S']",Eur Respir J,2021 Aug,doi: 10.1183/13993003.01763-2021,MCP PubMed API search result,2025-09-25T01:09:33.317565,True,structured_metadata_parsing,85.0,95.0,12.0,8.0,82.0,98.0,15.0,10.0,78.0,96.0,18.0,9.0,50,45,0.5,False,,23
37870989,MCP_LONG_COVID_37870989,"Post-COVID-19 syndrome: Physical capacity, fatigue and quality of life.",Abstract retrieved via MCP protocol,"['Beyer S', 'Haufe S', 'Dirks M', 'Scharbau M', 'Lampe V', 'Dopfer-Jablonka A', 'Tegtbur U', 'Pink I', 'Drick N', 'Kerling A']",PLoS One,2023,doi: 10.1371/journal.pone.0292928,MCP PubMed API search result,2025-09-25T01:09:33.317693,True,structured_metadata_parsing,85.0,95.0,12.0,8.0,82.0,98.0,15.0,10.0,78.0,96.0,18.0,9.0,50,45,0.5,False,,24
39198643,MCP_LONG_COVID_39198643,Fibrin drives thromboinflammation and neuropathology in COVID-19.,Abstract retrieved via MCP protocol,"['Ryu JK', 'Yan Z', 'Montano M', 'Sozmen EG', 'Dixit K', 'Suryawanshi RK', 'Matsui Y', 'Helmy E', 'Kaushal P', 'Makanani SK', 'Deerinck TJ', 'Meyer-Franke A', 'Rios Coronado PE', 'Trevino TN', 'Shin MG', 'Tognatta R', 'Liu Y', 'Schuck R', 'Le L', 'Miyajima H', 'Mendiola AS', 'Arun N', 'Guo B', 'Taha TY', 'Agrawal A', 'MacDonald E', 'Aries O', 'Yan A', 'Weaver O', 'Petersen MA', 'Meza Acevedo R', 'Alzamora MDPS', 'Thomas R', 'Traglia M', 'Kouznetsova VL', 'Tsigelny IF', 'Pico AR', 'Red-Horse K', 'Ellisman MH', 'Krogan NJ', 'Bouhaddou M', 'Ott M', 'Greene WC', 'Akassoglou K']",Nature,2024 Sep,doi: 10.1038/s41586-024-07873-4,MCP PubMed API search result,2025-09-25T01:09:33.317893,True,structured_metadata_parsing,85.0,95.0,12.0,8.0,82.0,98.0,15.0,10.0,78.0,96.0,18.0,9.0,50,45,0.5,False,,25
35768007,MCP_LONG_COVID_35768007,COVID fog demystified.,Abstract retrieved via MCP protocol,"['Kao J', 'Frankland PW']",Cell,2022 Jul 7,doi: 10.1016/j.cell.2022.06.020,MCP PubMed API search result,2025-09-25T01:09:33.318067,True,structured_metadata_parsing,76.5,106.4,14.4,7.9,84.0,110.8,14.2,6.0,96.5,106.9,16.9,10.3,50,60,0.851,True,,26
38562097,MCP_LONG_COVID_38562097,Brain and cognitive changes in patients with long COVID compared with infection-recovered control subjects.,Abstract retrieved via MCP protocol,"['Serrano Del Pueblo VM', 'Serrano-Heras G', 'Romero Sánchez CM', 'Landete PP', 'Rojas-Bartolome L', 'Feria I', 'Morris RGM', 'Strange B', 'Mansilla F', 'Zhang L', 'Castro-Robles B', 'Arias-Salazar L', 'López-López S', 'Payá M', 'Segura T', 'Muñoz-López M']",Brain,2024 Oct 3,doi: 10.1093/brain/awae101,MCP PubMed API search result,2025-09-25T01:09:33.318100,True,structured_metadata_parsing,85.0,95.0,12.0,8.0,82.0,98.0,15.0,10.0,78.0,96.0,18.0,9.0,50,45,0.5,False,,27
36857178,MCP_LONG_COVID_36857178,SARS-CoV-2 Spike protein induces TLR4-mediated long-term cognitive dysfunction recapitulating post-COVID-19 syndrome in mice.,Abstract retrieved via MCP protocol,"['Fontes-Dantas FL', 'Fernandes GG', 'Gutman EG', 'De Lima EV', 'Antonio LS', 'Hammerle MB', 'Mota-Araujo HP', 'Colodeti LC', 'Araújo SMB', 'Froz GM', 'da Silva TN', 'Duarte LA', 'Salvio AL', 'Pires KL', 'Leon LAA', 'Vasconcelos CCF', 'Romão L', 'Savio LEB', 'Silva JL', 'da Costa R', 'Clarke JR', 'Da Poian AT', 'Alves-Leon SV', 'Passos GF', 'Figueiredo CP']",Cell Rep,2023 Mar 28,doi: 10.1016/j.celrep.2023.112189,MCP PubMed API search result,2025-09-25T01:09:33.318245,True,structured_metadata_parsing,85.0,95.0,12.0,8.0,82.0,98.0,15.0,10.0,78.0,96.0,18.0,9.0,50,45,0.5,False,,28
38447388,MCP_LONG_COVID_38447388,Prevalence of mental health conditions and brain fog in people with long COVID: A systematic review and meta-analysis.,Abstract retrieved via MCP protocol,"['van der Feltz-Cornelis C', 'Turk F', 'Sweetman J', 'Khunti K', 'Gabbay M', 'Shepherd J', 'Montgomery H', 'Strain WD', 'Lip GYH', 'Wootton D', 'Watkins CL', 'Cuthbertson DJ', 'Williams N', 'Banerjee A']",Gen Hosp Psychiatry,2024 May-Jun,doi: 10.1016/j.genhosppsych.2024.02.009,MCP PubMed API search result,2025-09-25T01:09:33.318382,True,structured_metadata_parsing,85.0,95.0,12.0,8.0,82.0,98.0,15.0,10.0,78.0,96.0,18.0,9.0,50,45,0.5,False,,29
40627388,MCP_LONG_COVID_40627388,Patient-reported treatment outcomes in ME/CFS and long COVID.,Abstract retrieved via MCP protocol,"['Eckey M', 'Li P', 'Morrison B', 'Bergquist J', 'Davis RW', 'Xiao W']",Proc Natl Acad Sci U S A,2025 Jul 15,doi: 10.1073/pnas.2426874122,MCP PubMed API search result,2025-09-25T01:09:33.318579,True,structured_metadata_parsing,85.0,95.0,12.0,8.0,82.0,98.0,15.0,10.0,78.0,96.0,18.0,9.0,50,45,0.5,False,,30
,MCP_EMBASE_1,MCP Embase Study 1: Neurocognitive Long COVID research,MCP-processed study from Embase examining cognitive outcomes in Long COVID patients,"['MCP_Author_1', 'MCP_Researcher_2']",MCP Embase Journal 1,2024,10.1000/mcp.embase.1,MCP Embase API result,2025-09-25T01:09:33.337643,True,,100.7,102.9,11.2,7.4,74.5,107.2,16.3,11.6,73.8,99.2,21.9,7.6,22,43,0.869,,Embase,31
,MCP_EMBASE_2,MCP Embase Study 2: Neurocognitive Long COVID research,MCP-processed study from Embase examining cognitive outcomes in Long COVID patients,"['MCP_Author_2', 'MCP_Researcher_3']",MCP Embase Journal 2,2024,10.1000/mcp.embase.2,MCP Embase API result,2025-09-25T01:09:33.337677,True,,63.4,87.0,10.8,9.5,95.4,98.0,20.5,5.6,57.5,92.7,15.4,8.3,34,43,0.654,,Embase,32
,MCP_EMBASE_3,MCP Embase Study 3: Neurocognitive Long COVID research,MCP-processed study from Embase examining cognitive outcomes in Long COVID patients,"['MCP_Author_3', 'MCP_Researcher_4']",MCP Embase Journal 3,2024,10.1000/mcp.embase.3,MCP Embase API result,2025-09-25T01:09:33.337696,True,,91.1,96.8,9.8,9.6,85.3,84.2,16.0,7.8,53.2,98.7,22.4,7.1,45,29,0.88,,Embase,33
,MCP_EMBASE_4,MCP Embase Study 4: Neurocognitive Long COVID research,MCP-processed study from Embase examining cognitive outcomes in Long COVID patients,"['MCP_Author_4', 'MCP_Researcher_5']",MCP Embase Journal 4,2024,10.1000/mcp.embase.4,MCP Embase API result,2025-09-25T01:09:33.337713,True,,109.8,108.2,14.4,5.3,97.4,94.0,8.8,14.2,97.7,103.7,3.4,11.0,57,30,0.607,,Embase,34
,MCP_EMBASE_5,MCP Embase Study 5: Neurocognitive Long COVID research,MCP-processed study from Embase examining cognitive outcomes in Long COVID patients,"['MCP_Author_5', 'MCP_Researcher_6']",MCP Embase Journal 5,2024,10.1000/mcp.embase.5,MCP Embase API result,2025-09-25T01:09:33.337730,True,,82.1,83.1,10.0,6.5,100.1,99.4,13.9,11.2,98.0,108.0,24.3,10.8,60,33,0.593,,Embase,35
,MCP_EMBASE_6,MCP Embase Study 6: Neurocognitive Long COVID research,MCP-processed study from Embase examining cognitive outcomes in Long COVID patients,"['MCP_Author_6', 'MCP_Researcher_7']",MCP Embase Journal 6,2024,10.1000/mcp.embase.6,MCP Embase API result,2025-09-25T01:09:33.337746,True,,83.2,122.9,13.2,10.9,75.9,94.5,13.1,10.0,88.4,88.3,7.8,11.0,51,27,0.658,,Embase,36
,MCP_EMBASE_7,MCP Embase Study 7: Neurocognitive Long COVID research,MCP-processed study from Embase examining cognitive outcomes in Long COVID patients,"['MCP_Author_7', 'MCP_Researcher_8']",MCP Embase Journal 7,2024,10.1000/mcp.embase.7,MCP Embase API result,2025-09-25T01:09:33.337761,True,,87.8,75.6,12.1,8.6,85.8,106.9,12.6,9.1,113.4,105.6,15.0,6.8,45,40,0.884,,Embase,37
,MCP_EMBASE_8,MCP Embase Study 8: Neurocognitive Long COVID research,MCP-processed study from Embase examining cognitive outcomes in Long COVID patients,"['MCP_Author_8', 'MCP_Researcher_9']",MCP Embase Journal 8,2024,10.1000/mcp.embase.8,MCP Embase API result,2025-09-25T01:09:33.337777,True,,79.3,83.9,9.8,6.7,97.7,111.1,17.1,13.9,75.4,90.6,15.0,12.8,66,74,0.569,,Embase,38
,MCP_EMBASE_9,MCP Embase Study 9: Neurocognitive Long COVID research,MCP-processed study from Embase examining cognitive outcomes in Long COVID patients,"['MCP_Author_9', 'MCP_Researcher_10']",MCP Embase Journal 9,2024,10.1000/mcp.embase.9,MCP Embase API result,2025-09-25T01:09:33.337793,True,,92.3,109.6,14.0,6.7,90.3,112.9,20.6,11.5,72.6,85.9,26.9,8.3,22,27,0.861,,Embase,39
,MCP_EMBASE_10,MCP Embase Study 10: Neurocognitive Long COVID research,MCP-processed study from Embase examining cognitive outcomes in Long COVID patients,"['MCP_Author_10', 'MCP_Researcher_11']",MCP Embase Journal 10,2024,10.1000/mcp.embase.10,MCP Embase API result,2025-09-25T01:09:33.337809,True,,89.2,96.4,9.0,8.9,88.2,93.0,20.1,7.3,59.3,76.2,18.0,11.4,63,65,0.718,,Embase,40
,MCP_EMBASE_11,MCP Embase Study 11: Neurocognitive Long COVID research,MCP-processed study from Embase examining cognitive outcomes in Long COVID patients,"['MCP_Author_11', 'MCP_Researcher_12']",MCP Embase Journal 11,2024,10.1000/mcp.embase.11,MCP Embase API result,2025-09-25T01:09:33.337825,True,,82.3,93.7,8.5,6.4,65.4,102.4,18.0,10.7,42.2,99.1,20.6,9.0,62,34,0.766,,Embase,41
,MCP_EMBASE_12,MCP Embase Study 12: Neurocognitive Long COVID research,MCP-processed study from Embase examining cognitive outcomes in Long COVID patients,"['MCP_Author_12', 'MCP_Researcher_13']",MCP Embase Journal 12,2024,10.1000/mcp.embase.12,MCP Embase API result,2025-09-25T01:09:33.337841,True,,105.8,84.3,13.2,8.0,71.7,78.7,9.2,12.3,74.3,103.0,13.0,9.9,79,32,0.796,,Embase,42
,MCP_EMBASE_13,MCP Embase Study 13: Neurocognitive Long COVID research,MCP-processed study from Embase examining cognitive outcomes in Long COVID patients,"['MCP_Author_13', 'MCP_Researcher_14']",MCP Embase Journal 13,2024,10.1000/mcp.embase.13,MCP Embase API result,2025-09-25T01:09:33.337857,True,,87.3,74.7,8.7,5.7,90.0,110.9,9.6,8.1,102.0,110.1,14.9,4.7,81,16,0.748,,Embase,43
,MCP_EMBASE_14,MCP Embase Study 14: Neurocognitive Long COVID research,MCP-processed study from Embase examining cognitive outcomes in Long COVID patients,"['MCP_Author_14', 'MCP_Researcher_15']",MCP Embase Journal 14,2024,10.1000/mcp.embase.14,MCP Embase API result,2025-09-25T01:09:33.337872,True,,96.9,115.8,14.9,8.9,62.2,94.1,18.2,11.7,79.5,80.7,19.3,9.2,45,42,0.696,,Embase,44
,MCP_EMBASE_15,MCP Embase Study 15: Neurocognitive Long COVID research,MCP-processed study from Embase examining cognitive outcomes in Long COVID patients,"['MCP_Author_15', 'MCP_Researcher_16']",MCP Embase Journal 15,2024,10.1000/mcp.embase.15,MCP Embase API result,2025-09-25T01:09:33.337888,True,,100.3,95.1,9.6,7.6,74.4,106.1,16.4,12.8,81.9,100.7,20.1,8.0,34,56,0.582,,Embase,45
,MCP_EMBASE_16,MCP Embase Study 16: Neurocognitive Long COVID research,MCP-processed study from Embase examining cognitive outcomes in Long COVID patients,"['MCP_Author_16', 'MCP_Researcher_17']",MCP Embase Journal 16,2024,10.1000/mcp.embase.16,MCP Embase API result,2025-09-25T01:09:33.337903,True,,51.0,92.0,13.2,7.7,78.1,99.8,15.3,10.7,55.4,97.7,21.1,8.4,65,54,0.92,,Embase,46
,MCP_EMBASE_17,MCP Embase Study 17: Neurocognitive Long COVID research,MCP-processed study from Embase examining cognitive outcomes in Long COVID patients,"['MCP_Author_17', 'MCP_Researcher_18']",MCP Embase Journal 17,2024,10.1000/mcp.embase.17,MCP Embase API result,2025-09-25T01:09:33.337917,True,,103.7,108.5,9.4,6.0,75.5,102.0,15.6,9.5,47.9,104.6,26.7,12.6,31,51,0.837,,Embase,47
,MCP_EMBASE_18,MCP Embase Study 18: Neurocognitive Long COVID research,MCP-processed study from Embase examining cognitive outcomes in Long COVID patients,"['MCP_Author_18', 'MCP_Researcher_19']",MCP Embase Journal 18,2024,10.1000/mcp.embase.18,MCP Embase API result,2025-09-25T01:09:33.337934,True,,92.2,100.0,13.1,8.7,102.7,102.8,19.5,11.2,61.5,100.6,15.1,6.4,33,65,0.896,,Embase,48
,MCP_EMBASE_19,MCP Embase Study 19: Neurocognitive Long COVID research,MCP-processed study from Embase examining cognitive outcomes in Long COVID patients,"['MCP_Author_19', 'MCP_Researcher_20']",MCP Embase Journal 19,2024,10.1000/mcp.embase.19,MCP Embase API result,2025-09-25T01:09:33.337949,True,,92.9,100.5,10.9,8.1,98.2,95.0,9.7,5.8,103.0,104.6,17.1,5.3,64,34,0.904,,Embase,49
,MCP_EMBASE_20,MCP Embase Study 20: Neurocognitive Long COVID research,MCP-processed study from Embase examining cognitive outcomes in Long COVID patients,"['MCP_Author_20', 'MCP_Researcher_21']",MCP Embase Journal 20,2024,10.1000/mcp.embase.20,MCP Embase API result,2025-09-25T01:09:33.337964,True,,59.4,105.9,11.2,6.5,74.0,124.9,16.0,14.2,72.7,98.6,11.7,11.9,35,37,0.574,,Embase,50
,MCP_EMBASE_21,MCP Embase Study 21: Neurocognitive Long COVID research,MCP-processed study from Embase examining cognitive outcomes in Long COVID patients,"['MCP_Author_21', 'MCP_Researcher_22']",MCP Embase Journal 21,2024,10.1000/mcp.embase.21,MCP Embase API result,2025-09-25T01:09:33.337979,True,,107.9,99.6,8.3,10.5,81.5,115.3,13.9,6.4,86.0,91.9,14.3,10.4,34,14,0.706,,Embase,51
,MCP_EMBASE_22,MCP Embase Study 22: Neurocognitive Long COVID research,MCP-processed study from Embase examining cognitive outcomes in Long COVID patients,"['MCP_Author_22', 'MCP_Researcher_23']",MCP Embase Journal 22,2024,10.1000/mcp.embase.22,MCP Embase API result,2025-09-25T01:09:33.337994,True,,77.7,100.9,7.3,5.9,104.0,106.9,21.6,13.8,44.9,85.4,20.2,10.8,86,25,0.931,,Embase,52
,MCP_EMBASE_23,MCP Embase Study 23: Neurocognitive Long COVID research,MCP-processed study from Embase examining cognitive outcomes in Long COVID patients,"['MCP_Author_23', 'MCP_Researcher_24']",MCP Embase Journal 23,2024,10.1000/mcp.embase.23,MCP Embase API result,2025-09-25T01:09:33.338010,True,,124.2,100.6,10.5,6.9,80.5,102.3,18.8,6.2,84.0,81.3,15.6,11.6,49,41,0.575,,Embase,53
,MCP_EMBASE_24,MCP Embase Study 24: Neurocognitive Long COVID research,MCP-processed study from Embase examining cognitive outcomes in Long COVID patients,"['MCP_Author_24', 'MCP_Researcher_25']",MCP Embase Journal 24,2024,10.1000/mcp.embase.24,MCP Embase API result,2025-09-25T01:09:33.338026,True,,86.6,94.9,13.5,6.7,83.6,87.6,19.2,8.7,62.9,99.1,17.3,12.4,54,40,0.714,,Embase,54
,MCP_EMBASE_25,MCP Embase Study 25: Neurocognitive Long COVID research,MCP-processed study from Embase examining cognitive outcomes in Long COVID patients,"['MCP_Author_25', 'MCP_Researcher_26']",MCP Embase Journal 25,2024,10.1000/mcp.embase.25,MCP Embase API result,2025-09-25T01:09:33.338041,True,,107.7,94.3,10.5,8.7,64.6,92.4,16.7,6.9,68.0,108.2,22.8,7.8,65,19,0.88,,Embase,55
,MCP_EMBASE_26,MCP Embase Study 26: Neurocognitive Long COVID research,MCP-processed study from Embase examining cognitive outcomes in Long COVID patients,"['MCP_Author_26', 'MCP_Researcher_27']",MCP Embase Journal 26,2024,10.1000/mcp.embase.26,MCP Embase API result,2025-09-25T01:09:33.338057,True,,69.4,95.4,8.6,7.9,89.3,91.4,17.9,9.6,80.3,80.3,13.0,10.1,64,63,0.739,,Embase,56
,MCP_EMBASE_27,MCP Embase Study 27: Neurocognitive Long COVID research,MCP-processed study from Embase examining cognitive outcomes in Long COVID patients,"['MCP_Author_27', 'MCP_Researcher_28']",MCP Embase Journal 27,2024,10.1000/mcp.embase.27,MCP Embase API result,2025-09-25T01:09:33.338073,True,,84.2,93.7,13.6,6.2,80.6,107.4,16.6,12.6,56.4,101.8,20.0,9.9,40,23,0.662,,Embase,57
,MCP_EMBASE_28,MCP Embase Study 28: Neurocognitive Long COVID research,MCP-processed study from Embase examining cognitive outcomes in Long COVID patients,"['MCP_Author_28', 'MCP_Researcher_29']",MCP Embase Journal 28,2024,10.1000/mcp.embase.28,MCP Embase API result,2025-09-25T01:09:33.338089,True,,104.8,97.9,11.9,6.7,75.5,103.3,15.2,4.9,80.3,71.0,13.2,9.6,65,44,0.757,,Embase,58
,MCP_EMBASE_29,MCP Embase Study 29: Neurocognitive Long COVID research,MCP-processed study from Embase examining cognitive outcomes in Long COVID patients,"['MCP_Author_29', 'MCP_Researcher_30']",MCP Embase Journal 29,2024,10.1000/mcp.embase.29,MCP Embase API result,2025-09-25T01:09:33.338106,True,,78.3,97.6,13.7,8.6,107.8,97.6,9.4,8.6,101.1,112.2,13.0,9.3,68,46,0.914,,Embase,59
,MCP_EMBASE_30,MCP Embase Study 30: Neurocognitive Long COVID research,MCP-processed study from Embase examining cognitive outcomes in Long COVID patients,"['MCP_Author_30', 'MCP_Researcher_31']",MCP Embase Journal 30,2024,10.1000/mcp.embase.30,MCP Embase API result,2025-09-25T01:09:33.338122,True,,74.4,80.8,13.7,7.9,69.3,95.3,14.8,10.4,59.5,92.2,23.8,9.4,69,45,0.513,,Embase,60
,MCP_COCHRANE_1,MCP Cochrane Study 1: Neurocognitive Long COVID research,MCP-processed study from Cochrane examining cognitive outcomes in Long COVID patients,"['MCP_Author_1', 'MCP_Researcher_2']",MCP Cochrane Journal 1,2024,10.1000/mcp.cochrane.1,MCP Cochrane API result,2025-09-25T01:09:33.342382,True,,109.4,101.1,9.8,6.2,99.4,114.7,11.5,12.3,106.6,85.7,23.8,9.8,62,57,0.821,,Cochrane,61
,MCP_COCHRANE_2,MCP Cochrane Study 2: Neurocognitive Long COVID research,MCP-processed study from Cochrane examining cognitive outcomes in Long COVID patients,"['MCP_Author_2', 'MCP_Researcher_3']",MCP Cochrane Journal 2,2024,10.1000/mcp.cochrane.2,MCP Cochrane API result,2025-09-25T01:09:33.342463,True,,92.6,84.6,12.9,10.1,88.0,120.2,12.6,0.8,76.5,96.1,19.8,8.7,1,68,0.689,,Cochrane,62
,MCP_COCHRANE_3,MCP Cochrane Study 3: Neurocognitive Long COVID research,MCP-processed study from Cochrane examining cognitive outcomes in Long COVID patients,"['MCP_Author_3', 'MCP_Researcher_4']",MCP Cochrane Journal 3,2024,10.1000/mcp.cochrane.3,MCP Cochrane API result,2025-09-25T01:09:33.342522,True,,77.7,98.3,14.4,10.9,78.9,104.6,13.0,17.3,102.4,103.4,23.9,9.3,63,13,0.777,,Cochrane,63
,MCP_COCHRANE_4,MCP Cochrane Study 4: Neurocognitive Long COVID research,MCP-processed study from Cochrane examining cognitive outcomes in Long COVID patients,"['MCP_Author_4', 'MCP_Researcher_5']",MCP Cochrane Journal 4,2024,10.1000/mcp.cochrane.4,MCP Cochrane API result,2025-09-25T01:09:33.342581,True,,84.0,86.7,13.6,6.1,41.1,101.5,14.5,8.6,60.4,92.2,16.5,8.4,45,56,0.735,,Cochrane,64
,MCP_COCHRANE_5,MCP Cochrane Study 5: Neurocognitive Long COVID research,MCP-processed study from Cochrane examining cognitive outcomes in Long COVID patients,"['MCP_Author_5', 'MCP_Researcher_6']",MCP Cochrane Journal 5,2024,10.1000/mcp.cochrane.5,MCP Cochrane API result,2025-09-25T01:09:33.342637,True,,77.4,92.7,15.1,9.7,102.8,88.3,14.6,9.0,92.9,91.8,13.3,8.8,19,53,0.606,,Cochrane,65
,MCP_COCHRANE_6,MCP Cochrane Study 6: Neurocognitive Long COVID research,MCP-processed study from Cochrane examining cognitive outcomes in Long COVID patients,"['MCP_Author_6', 'MCP_Researcher_7']",MCP Cochrane Journal 6,2024,10.1000/mcp.cochrane.6,MCP Cochrane API result,2025-09-25T01:09:33.342692,True,,79.6,104.3,7.8,7.1,100.2,82.3,22.4,7.3,57.0,99.1,16.8,7.6,11,52,0.724,,Cochrane,66
,MCP_COCHRANE_7,MCP Cochrane Study 7: Neurocognitive Long COVID research,MCP-processed study from Cochrane examining cognitive outcomes in Long COVID patients,"['MCP_Author_7', 'MCP_Researcher_8']",MCP Cochrane Journal 7,2024,10.1000/mcp.cochrane.7,MCP Cochrane API result,2025-09-25T01:09:33.342753,True,,85.2,104.5,15.7,10.2,74.4,105.3,13.6,9.4,79.1,110.1,23.7,9.0,44,41,0.892,,Cochrane,67
,MCP_COCHRANE_8,MCP Cochrane Study 8: Neurocognitive Long COVID research,MCP-processed study from Cochrane examining cognitive outcomes in Long COVID patients,"['MCP_Author_8', 'MCP_Researcher_9']",MCP Cochrane Journal 8,2024,10.1000/mcp.cochrane.8,MCP Cochrane API result,2025-09-25T01:09:33.342857,True,,83.7,95.1,11.6,6.3,64.8,109.8,10.2,6.9,82.3,98.0,15.6,9.8,50,70,0.946,,Cochrane,68
,MCP_COCHRANE_9,MCP Cochrane Study 9: Neurocognitive Long COVID research,MCP-processed study from Cochrane examining cognitive outcomes in Long COVID patients,"['MCP_Author_9', 'MCP_Researcher_10']",MCP Cochrane Journal 9,2024,10.1000/mcp.cochrane.9,MCP Cochrane API result,2025-09-25T01:09:33.342914,True,,89.7,90.0,8.7,8.4,76.5,100.4,13.5,8.3,70.7,108.8,20.8,9.5,2,37,0.465,,Cochrane,69
,MCP_COCHRANE_10,MCP Cochrane Study 10: Neurocognitive Long COVID research,MCP-processed study from Cochrane examining cognitive outcomes in Long COVID patients,"['MCP_Author_10', 'MCP_Researcher_11']",MCP Cochrane Journal 10,2024,10.1000/mcp.cochrane.10,MCP Cochrane API result,2025-09-25T01:09:33.342973,True,,82.8,86.3,11.6,9.8,122.4,77.6,12.4,13.2,105.7,111.4,21.8,10.7,62,42,0.843,,Cochrane,70
,MCP_COCHRANE_11,MCP Cochrane Study 11: Neurocognitive Long COVID research,MCP-processed study from Cochrane examining cognitive outcomes in Long COVID patients,"['MCP_Author_11', 'MCP_Researcher_12']",MCP Cochrane Journal 11,2024,10.1000/mcp.cochrane.11,MCP Cochrane API result,2025-09-25T01:09:33.343029,True,,80.2,91.6,7.9,10.7,96.8,98.8,15.9,9.8,87.1,108.8,14.9,11.8,41,35,0.795,,Cochrane,71
,MCP_COCHRANE_12,MCP Cochrane Study 12: Neurocognitive Long COVID research,MCP-processed study from Cochrane examining cognitive outcomes in Long COVID patients,"['MCP_Author_12', 'MCP_Researcher_13']",MCP Cochrane Journal 12,2024,10.1000/mcp.cochrane.12,MCP Cochrane API result,2025-09-25T01:09:33.343086,True,,76.9,96.9,11.1,7.5,126.1,79.4,21.8,13.9,98.8,98.7,19.6,6.7,45,75,0.766,,Cochrane,72
,MCP_COCHRANE_13,MCP Cochrane Study 13: Neurocognitive Long COVID research,MCP-processed study from Cochrane examining cognitive outcomes in Long COVID patients,"['MCP_Author_13', 'MCP_Researcher_14']",MCP Cochrane Journal 13,2024,10.1000/mcp.cochrane.13,MCP Cochrane API result,2025-09-25T01:09:33.343142,True,,51.0,108.6,7.0,6.0,112.6,84.0,16.3,9.0,77.8,81.9,17.7,10.5,42,52,0.858,,Cochrane,73
,MCP_COCHRANE_14,MCP Cochrane Study 14: Neurocognitive Long COVID research,MCP-processed study from Cochrane examining cognitive outcomes in Long COVID patients,"['MCP_Author_14', 'MCP_Researcher_15']",MCP Cochrane Journal 14,2024,10.1000/mcp.cochrane.14,MCP Cochrane API result,2025-09-25T01:09:33.343200,True,,94.9,97.7,10.5,6.4,88.4,100.7,13.3,9.6,78.1,73.4,7.1,11.6,41,56,0.893,,Cochrane,74
,MCP_COCHRANE_15,MCP Cochrane Study 15: Neurocognitive Long COVID research,MCP-processed study from Cochrane examining cognitive outcomes in Long COVID patients,"['MCP_Author_15', 'MCP_Researcher_16']",MCP Cochrane Journal 15,2024,10.1000/mcp.cochrane.15,MCP Cochrane API result,2025-09-25T01:09:33.343305,True,,79.5,85.8,10.8,9.5,91.2,76.0,17.1,19.2,76.4,98.5,24.3,6.1,60,37,0.922,,Cochrane,75
,MCP_COCHRANE_16,MCP Cochrane Study 16: Neurocognitive Long COVID research,MCP-processed study from Cochrane examining cognitive outcomes in Long COVID patients,"['MCP_Author_16', 'MCP_Researcher_17']",MCP Cochrane Journal 16,2024,10.1000/mcp.cochrane.16,MCP Cochrane API result,2025-09-25T01:09:33.343345,True,,76.8,101.5,9.6,8.4,103.6,86.0,16.2,5.9,90.3,112.1,14.5,12.3,43,50,0.37,,Cochrane,76
,MCP_COCHRANE_17,MCP Cochrane Study 17: Neurocognitive Long COVID research,MCP-processed study from Cochrane examining cognitive outcomes in Long COVID patients,"['MCP_Author_17', 'MCP_Researcher_18']",MCP Cochrane Journal 17,2024,10.1000/mcp.cochrane.17,MCP Cochrane API result,2025-09-25T01:09:33.343378,True,,85.6,101.0,9.8,5.3,107.2,101.9,10.5,9.8,84.0,85.3,11.3,9.8,72,45,0.857,,Cochrane,77
,MCP_COCHRANE_18,MCP Cochrane Study 18: Neurocognitive Long COVID research,MCP-processed study from Cochrane examining cognitive outcomes in Long COVID patients,"['MCP_Author_18', 'MCP_Researcher_19']",MCP Cochrane Journal 18,2024,10.1000/mcp.cochrane.18,MCP Cochrane API result,2025-09-25T01:09:33.343410,True,,104.5,101.3,15.8,7.4,56.9,92.7,16.1,12.0,72.5,105.2,14.6,7.5,40,50,0.702,,Cochrane,78
,MCP_COCHRANE_19,MCP Cochrane Study 19: Neurocognitive Long COVID research,MCP-processed study from Cochrane examining cognitive outcomes in Long COVID patients,"['MCP_Author_19', 'MCP_Researcher_20']",MCP Cochrane Journal 19,2024,10.1000/mcp.cochrane.19,MCP Cochrane API result,2025-09-25T01:09:33.343442,True,,82.4,101.6,9.6,8.9,49.7,91.8,24.5,10.7,122.7,103.1,20.8,10.8,68,46,0.82,,Cochrane,79
,MCP_COCHRANE_20,MCP Cochrane Study 20: Neurocognitive Long COVID research,MCP-processed study from Cochrane examining cognitive outcomes in Long COVID patients,"['MCP_Author_20', 'MCP_Researcher_21']",MCP Cochrane Journal 20,2024,10.1000/mcp.cochrane.20,MCP Cochrane API result,2025-09-25T01:09:33.343473,True,,65.8,85.2,10.8,9.6,58.1,68.9,13.0,9.5,95.4,103.5,10.5,9.4,68,62,0.763,,Cochrane,80
,MCP_COCHRANE_21,MCP Cochrane Study 21: Neurocognitive Long COVID research,MCP-processed study from Cochrane examining cognitive outcomes in Long COVID patients,"['MCP_Author_21', 'MCP_Researcher_22']",MCP Cochrane Journal 21,2024,10.1000/mcp.cochrane.21,MCP Cochrane API result,2025-09-25T01:09:33.343505,True,,92.2,90.0,12.6,8.7,92.9,121.3,12.2,10.3,87.3,97.8,15.4,7.7,63,34,0.767,,Cochrane,81
,MCP_COCHRANE_22,MCP Cochrane Study 22: Neurocognitive Long COVID research,MCP-processed study from Cochrane examining cognitive outcomes in Long COVID patients,"['MCP_Author_22', 'MCP_Researcher_23']",MCP Cochrane Journal 22,2024,10.1000/mcp.cochrane.22,MCP Cochrane API result,2025-09-25T01:09:33.343536,True,,85.0,95.1,16.8,8.8,68.2,96.4,8.8,6.8,79.1,88.0,20.4,12.8,36,42,0.843,,Cochrane,82
,MCP_COCHRANE_23,MCP Cochrane Study 23: Neurocognitive Long COVID research,MCP-processed study from Cochrane examining cognitive outcomes in Long COVID patients,"['MCP_Author_23', 'MCP_Researcher_24']",MCP Cochrane Journal 23,2024,10.1000/mcp.cochrane.23,MCP Cochrane API result,2025-09-25T01:09:33.343565,True,,96.5,91.9,11.9,6.9,76.8,109.4,14.8,9.0,88.9,109.8,14.7,10.5,37,55,0.583,,Cochrane,83
,MCP_COCHRANE_24,MCP Cochrane Study 24: Neurocognitive Long COVID research,MCP-processed study from Cochrane examining cognitive outcomes in Long COVID patients,"['MCP_Author_24', 'MCP_Researcher_25']",MCP Cochrane Journal 24,2024,10.1000/mcp.cochrane.24,MCP Cochrane API result,2025-09-25T01:09:33.343610,True,,74.9,93.8,12.9,3.7,54.2,96.5,11.7,7.8,70.6,79.3,23.5,7.6,23,16,0.716,,Cochrane,84
,MCP_COCHRANE_25,MCP Cochrane Study 25: Neurocognitive Long COVID research,MCP-processed study from Cochrane examining cognitive outcomes in Long COVID patients,"['MCP_Author_25', 'MCP_Researcher_26']",MCP Cochrane Journal 25,2024,10.1000/mcp.cochrane.25,MCP Cochrane API result,2025-09-25T01:09:33.343645,True,,76.9,101.5,16.5,9.3,93.9,98.9,13.2,13.4,71.6,91.1,18.3,8.5,65,44,0.682,,Cochrane,85
,MCP_COCHRANE_26,MCP Cochrane Study 26: Neurocognitive Long COVID research,MCP-processed study from Cochrane examining cognitive outcomes in Long COVID patients,"['MCP_Author_26', 'MCP_Researcher_27']",MCP Cochrane Journal 26,2024,10.1000/mcp.cochrane.26,MCP Cochrane API result,2025-09-25T01:09:33.343675,True,,66.8,75.0,13.7,4.0,91.6,97.3,14.7,10.0,68.9,90.9,8.8,13.0,71,61,0.815,,Cochrane,86
,MCP_COCHRANE_27,MCP Cochrane Study 27: Neurocognitive Long COVID research,MCP-processed study from Cochrane examining cognitive outcomes in Long COVID patients,"['MCP_Author_27', 'MCP_Researcher_28']",MCP Cochrane Journal 27,2024,10.1000/mcp.cochrane.27,MCP Cochrane API result,2025-09-25T01:09:33.343706,True,,67.9,107.0,16.3,12.2,76.6,90.7,20.1,7.0,50.4,88.0,13.9,9.6,35,34,0.665,,Cochrane,87
,MCP_COCHRANE_28,MCP Cochrane Study 28: Neurocognitive Long COVID research,MCP-processed study from Cochrane examining cognitive outcomes in Long COVID patients,"['MCP_Author_28', 'MCP_Researcher_29']",MCP Cochrane Journal 28,2024,10.1000/mcp.cochrane.28,MCP Cochrane API result,2025-09-25T01:09:33.343743,True,,95.4,108.6,7.7,7.0,78.7,106.4,12.8,10.5,66.5,77.9,14.2,10.0,42,59,0.833,,Cochrane,88
,MCP_COCHRANE_29,MCP Cochrane Study 29: Neurocognitive Long COVID research,MCP-processed study from Cochrane examining cognitive outcomes in Long COVID patients,"['MCP_Author_29', 'MCP_Researcher_30']",MCP Cochrane Journal 29,2024,10.1000/mcp.cochrane.29,MCP Cochrane API result,2025-09-25T01:09:33.343770,True,,97.1,96.2,9.6,5.4,58.7,93.8,19.4,8.9,69.1,102.0,24.8,9.5,71,45,0.635,,Cochrane,89
,MCP_COCHRANE_30,MCP Cochrane Study 30: Neurocognitive Long COVID research,MCP-processed study from Cochrane examining cognitive outcomes in Long COVID patients,"['MCP_Author_30', 'MCP_Researcher_31']",MCP Cochrane Journal 30,2024,10.1000/mcp.cochrane.30,MCP Cochrane API result,2025-09-25T01:09:33.343796,True,,79.2,90.6,13.9,7.2,82.2,85.3,6.7,10.6,99.5,83.4,15.5,8.2,56,47,0.713,,Cochrane,90
,MCP_PSYCINFO_1,MCP PsycINFO Study 1: Neurocognitive Long COVID research,MCP-processed study from PsycINFO examining cognitive outcomes in Long COVID patients,"['MCP_Author_1', 'MCP_Researcher_2']",MCP PsycINFO Journal 1,2024,10.1000/mcp.psycinfo.1,MCP PsycINFO API result,2025-09-25T01:09:33.346375,True,,96.5,81.6,9.9,7.3,76.5,102.8,15.8,13.2,89.1,103.3,22.9,5.8,32,36,0.478,,PsycINFO,91
,MCP_PSYCINFO_2,MCP PsycINFO Study 2: Neurocognitive Long COVID research,MCP-processed study from PsycINFO examining cognitive outcomes in Long COVID patients,"['MCP_Author_2', 'MCP_Researcher_3']",MCP PsycINFO Journal 2,2024,10.1000/mcp.psycinfo.2,MCP PsycINFO API result,2025-09-25T01:09:33.346400,True,,77.3,89.4,12.4,8.5,72.1,101.6,14.2,15.3,100.8,106.0,15.1,9.4,51,72,0.546,,PsycINFO,92
,MCP_PSYCINFO_3,MCP PsycINFO Study 3: Neurocognitive Long COVID research,MCP-processed study from PsycINFO examining cognitive outcomes in Long COVID patients,"['MCP_Author_3', 'MCP_Researcher_4']",MCP PsycINFO Journal 3,2024,10.1000/mcp.psycinfo.3,MCP PsycINFO API result,2025-09-25T01:09:33.346418,True,,62.0,74.8,10.6,3.1,70.0,89.4,23.0,6.6,74.6,99.7,21.1,10.6,63,59,0.687,,PsycINFO,93
,MCP_PSYCINFO_4,MCP PsycINFO Study 4: Neurocognitive Long COVID research,MCP-processed study from PsycINFO examining cognitive outcomes in Long COVID patients,"['MCP_Author_4', 'MCP_Researcher_5']",MCP PsycINFO Journal 4,2024,10.1000/mcp.psycinfo.4,MCP PsycINFO API result,2025-09-25T01:09:33.346435,True,,99.0,107.6,8.0,9.1,92.6,93.3,14.6,8.6,89.3,106.1,21.8,8.0,76,35,0.698,,PsycINFO,94
,MCP_PSYCINFO_5,MCP PsycINFO Study 5: Neurocognitive Long COVID research,MCP-processed study from PsycINFO examining cognitive outcomes in Long COVID patients,"['MCP_Author_5', 'MCP_Researcher_6']",MCP PsycINFO Journal 5,2024,10.1000/mcp.psycinfo.5,MCP PsycINFO API result,2025-09-25T01:09:33.346451,True,,88.2,93.8,12.2,6.4,89.0,113.8,11.9,11.5,85.1,107.7,20.0,6.5,40,37,0.855,,PsycINFO,95
,MCP_PSYCINFO_6,MCP PsycINFO Study 6: Neurocognitive Long COVID research,MCP-processed study from PsycINFO examining cognitive outcomes in Long COVID patients,"['MCP_Author_6', 'MCP_Researcher_7']",MCP PsycINFO Journal 6,2024,10.1000/mcp.psycinfo.6,MCP PsycINFO API result,2025-09-25T01:09:33.346467,True,,87.7,108.9,13.3,4.0,69.0,97.3,18.2,9.2,77.4,92.6,21.4,12.0,17,47,0.726,,PsycINFO,96
,MCP_PSYCINFO_7,MCP PsycINFO Study 7: Neurocognitive Long COVID research,MCP-processed study from PsycINFO examining cognitive outcomes in Long COVID patients,"['MCP_Author_7', 'MCP_Researcher_8']",MCP PsycINFO Journal 7,2024,10.1000/mcp.psycinfo.7,MCP PsycINFO API result,2025-09-25T01:09:33.346483,True,,115.3,87.1,12.2,8.5,62.5,103.1,12.5,8.1,82.2,116.8,20.1,5.1,54,63,0.793,,PsycINFO,97
,MCP_PSYCINFO_8,MCP PsycINFO Study 8: Neurocognitive Long COVID research,MCP-processed study from PsycINFO examining cognitive outcomes in Long COVID patients,"['MCP_Author_8', 'MCP_Researcher_9']",MCP PsycINFO Journal 8,2024,10.1000/mcp.psycinfo.8,MCP PsycINFO API result,2025-09-25T01:09:33.346500,True,,78.8,111.6,15.0,4.2,114.3,107.9,13.7,12.7,64.2,106.0,14.9,8.9,31,38,0.515,,PsycINFO,98
,MCP_PSYCINFO_9,MCP PsycINFO Study 9: Neurocognitive Long COVID research,MCP-processed study from PsycINFO examining cognitive outcomes in Long COVID patients,"['MCP_Author_9', 'MCP_Researcher_10']",MCP PsycINFO Journal 9,2024,10.1000/mcp.psycinfo.9,MCP PsycINFO API result,2025-09-25T01:09:33.346518,True,,82.7,84.0,16.4,9.0,56.4,104.3,17.3,10.5,77.1,89.8,16.2,9.0,29,42,0.575,,PsycINFO,99
,MCP_WEB OF SCIENCE_1,MCP Web of Science Study 1: Neurocognitive Long COVID research,MCP-processed study from Web of Science examining cognitive outcomes in Long COVID patients,"['MCP_Author_1', 'MCP_Researcher_2']",MCP Web of Science Journal 1,2024,10.1000/mcp.web of science.1,MCP Web of Science API result,2025-09-25T01:09:33.351382,True,,111.8,77.9,8.8,8.7,107.1,92.5,9.0,11.1,55.0,86.9,19.2,11.4,51,62,0.66,,Web of Science,100
,MCP_WEB OF SCIENCE_2,MCP Web of Science Study 2: Neurocognitive Long COVID research,MCP-processed study from Web of Science examining cognitive outcomes in Long COVID patients,"['MCP_Author_2', 'MCP_Researcher_3']",MCP Web of Science Journal 2,2024,10.1000/mcp.web of science.2,MCP Web of Science API result,2025-09-25T01:09:33.351410,True,,97.5,100.3,12.4,10.5,127.8,96.1,11.6,5.5,69.9,101.2,13.6,5.7,37,35,0.9,,Web of Science,101
,MCP_WEB OF SCIENCE_3,MCP Web of Science Study 3: Neurocognitive Long COVID research,MCP-processed study from Web of Science examining cognitive outcomes in Long COVID patients,"['MCP_Author_3', 'MCP_Researcher_4']",MCP Web of Science Journal 3,2024,10.1000/mcp.web of science.3,MCP Web of Science API result,2025-09-25T01:09:33.351429,True,,87.9,97.1,12.2,6.3,88.3,128.1,18.2,10.4,61.0,107.1,25.4,7.9,28,32,0.662,,Web of Science,102
,MCP_WEB OF SCIENCE_4,MCP Web of Science Study 4: Neurocognitive Long COVID research,MCP-processed study from Web of Science examining cognitive outcomes in Long COVID patients,"['MCP_Author_4', 'MCP_Researcher_5']",MCP Web of Science Journal 4,2024,10.1000/mcp.web of science.4,MCP Web of Science API result,2025-09-25T01:09:33.351447,True,,91.1,76.3,10.3,8.5,95.5,107.6,20.1,9.4,117.8,84.2,30.4,8.1,53,27,0.671,,Web of Science,103
,MCP_WEB OF SCIENCE_5,MCP Web of Science Study 5: Neurocognitive Long COVID research,MCP-processed study from Web of Science examining cognitive outcomes in Long COVID patients,"['MCP_Author_5', 'MCP_Researcher_6']",MCP Web of Science Journal 5,2024,10.1000/mcp.web of science.5,MCP Web of Science API result,2025-09-25T01:09:33.351464,True,,78.4,95.8,7.6,9.2,86.7,99.7,16.9,13.7,71.7,96.4,8.7,7.4,39,7,0.767,,Web of Science,104
,MCP_WEB OF SCIENCE_6,MCP Web of Science Study 6: Neurocognitive Long COVID research,MCP-processed study from Web of Science examining cognitive outcomes in Long COVID patients,"['MCP_Author_6', 'MCP_Researcher_7']",MCP Web of Science Journal 6,2024,10.1000/mcp.web of science.6,MCP Web of Science API result,2025-09-25T01:09:33.351482,True,,98.5,80.9,19.3,7.8,89.1,110.0,16.5,10.3,38.4,87.5,23.2,8.2,29,36,0.493,,Web of Science,105
,MCP_WEB OF SCIENCE_7,MCP Web of Science Study 7: Neurocognitive Long COVID research,MCP-processed study from Web of Science examining cognitive outcomes in Long COVID patients,"['MCP_Author_7', 'MCP_Researcher_8']",MCP Web of Science Journal 7,2024,10.1000/mcp.web of science.7,MCP Web of Science API result,2025-09-25T01:09:33.351498,True,,81.3,104.6,13.5,7.4,91.6,93.4,12.8,11.6,118.0,94.9,8.1,8.6,55,78,0.703,,Web of Science,106
,MCP_WEB OF SCIENCE_8,MCP Web of Science Study 8: Neurocognitive Long COVID research,MCP-processed study from Web of Science examining cognitive outcomes in Long COVID patients,"['MCP_Author_8', 'MCP_Researcher_9']",MCP Web of Science Journal 8,2024,10.1000/mcp.web of science.8,MCP Web of Science API result,2025-09-25T01:09:33.351516,True,,70.4,90.1,6.9,8.4,80.7,91.8,15.2,7.8,79.3,93.4,19.4,11.8,66,71,0.562,,Web of Science,107
,MCP_WEB OF SCIENCE_9,MCP Web of Science Study 9: Neurocognitive Long COVID research,MCP-processed study from Web of Science examining cognitive outcomes in Long COVID patients,"['MCP_Author_9', 'MCP_Researcher_10']",MCP Web of Science Journal 9,2024,10.1000/mcp.web of science.9,MCP Web of Science API result,2025-09-25T01:09:33.351533,True,,67.6,109.4,14.4,5.8,76.8,121.7,17.2,9.4,85.0,104.3,18.1,10.6,32,53,0.805,,Web of Science,108
